epoch,node,loss,accuracy,fscore,precision,recall,test_accuracy_per_class,true_positive_rate,false_positive_rate
0,orchestrator,2.276009334945679,0.1467,0.08726104246407564,0.2715417712989233,0.1467,[0.    0.    1.    0.329 0.    0.113 0.    0.    0.025 0.   ],"[0.0, 0.0, 1.0, 0.329, 0.0, 0.113, 0.0, 0.0, 0.025, 0.0]","[0.0, 0.0, 0.9245555555555556, 0.023555555555555562, 0.0, 0.0, 0.0, 0.0, 0.0, 0.0]"
1,orchestrator,1.6384302734375,0.7693,0.7354284064404417,0.8267163674506064,0.7693,[0.906 0.954 0.943 0.872 0.2   0.919 0.076 0.891 0.966 0.966],"[0.906, 0.954, 0.943, 0.872, 0.20000000000000007, 0.919, 0.076, 0.891, 0.966, 0.966]","[0.04499999999999999, 0.001888888888888891, 0.14866666666666659, 0.01688888888888889, 0.0017777777777777794, 0.0024444444444444466, 0.003000000000000001, 0.009111111111111118, 0.013555555555555543, 0.014000000000000016]"
