epoch,node,loss,accuracy,fscore,precision,recall,test_accuracy_per_class,true_positive_rate,false_positive_rate
0,0,2.331051361053548,0.102,0.018517397881996973,0.010203401133711237,0.1,[0. 0. 0. 0. 1. 0. 0. 0. 0. 0.],"[0.0, 0.0, 0.0, 0.0, 1.0, 0.0, 0.0, 0.0, 0.0, 0.0]","[0.0, 0.0, 0.0, 0.0, 0.9996220710506426, 0.0, 0.0, 0.0, 0.0003779289493575208, 0.0]"
0,1,2.3220086123080965,0.104,0.018840579710144925,0.0104,0.1,[0. 0. 0. 0. 1. 0. 0. 0. 0. 0.],"[0.0, 0.0, 0.0, 0.0, 1.0, 0.0, 0.0, 0.0, 0.0, 0.0]","[0.0, 0.0, 0.0, 0.0, 1.0, 0.0, 0.0, 0.0, 0.0, 0.0]"
0,2,2.3280684288511884,0.102,0.01851179673321234,0.010199999999999999,0.1,[0. 0. 0. 0. 1. 0. 0. 0. 0. 0.],"[0.0, 0.0, 0.0, 0.0, 1.0, 0.0, 0.0, 0.0, 0.0, 0.0]","[0.0, 0.0, 0.0, 0.0, 1.0, 0.0, 0.0, 0.0, 0.0, 0.0]"
